Keyword,Keyword lists,Clicks,Impressions,CTR,Average position,URLs,Top URL,Top URL position
parakeet vs cockatiel,,0,1,0.00,5.00,1,https://beastlyfacts.com/blog/budgie-vs-cockatiel-guide/,5.00
why don't crested geckos tails grow back,,0,1,0.00,6.00,1,https://beastlyfacts.com/blog/leopard-gecko-vs-crested-gecko-guide/,6.00
why do geckos drop their tails,,0,1,0.00,8.00,1,https://beastlyfacts.com/blog/leopard-gecko-vs-crested-gecko-guide/,8.00
are guinea pigs cuter than hamsters,,0,1,0.00,10.00,1,https://beastlyfacts.com/blog/hamster-vs-guinea-pig-guide/,10.00
crested vs leopard gecko,,0,1,0.00,11.00,1,https://beastlyfacts.com/blog/leopard-gecko-vs-crested-gecko-guide/,11.00
female budgie cere color change,,0,1,0.00,16.00,1,https://beastlyfacts.com/blog/budgie-cere-color-guide/,16.00
corn snake vs ball python,,0,1,0.00,17.00,1,https://beastlyfacts.com/blog/ball-python-vs-corn-snake-guide/,17.00
10 interesting facts about ball pythons,,0,1,0.00,21.00,1,https://beastlyfacts.com/blog/10-surprising-ball-python-facts/,21.00
ball python or corn snake,,0,1,0.00,21.00,1,https://beastlyfacts.com/blog/ball-python-vs-corn-snake-guide/,21.00
corn snake or ball python,,0,2,0.00,22.00,1,https://beastlyfacts.com/blog/ball-python-vs-corn-snake-guide/,22.00
ball python and corn snake,,0,1,0.00,26.00,1,https://beastlyfacts.com/blog/ball-python-vs-corn-snake-guide/,26.00
ball python fun facts,,0,1,0.00,26.00,1,https://beastlyfacts.com/blog/10-surprising-ball-python-facts/,26.00
python corn,,0,1,0.00,26.00,1,https://beastlyfacts.com/blog/ball-python-vs-corn-snake-guide/,26.00
ball python vs corn snake,,0,1,0.00,27.00,1,https://beastlyfacts.com/blog/ball-python-vs-corn-snake-guide/,27.00
cockatoo screeching,,0,1,0.00,28.00,1,https://beastlyfacts.com/blog/cockatoo-screaming-feather-plucking-explained/,28.00
chameleon misting systems,,0,1,0.00,29.00,1,https://beastlyfacts.com/blog/chameleon-hydration-drippers-misters-fogging/,29.00
hamster vs guinea pigs,,0,1,0.00,30.00,1,https://beastlyfacts.com/blog/hamster-vs-guinea-pig-guide/,30.00
why does my cockatoo scream,,0,1,0.00,30.00,1,https://beastlyfacts.com/blog/cockatoo-screaming-feather-plucking-explained/,30.00
corn snakes vs ball pythons,,0,3,0.00,31.00,1,https://beastlyfacts.com/blog/ball-python-vs-corn-snake-guide/,31.00
cockatoos screaming,,0,1,0.00,31.00,1,https://beastlyfacts.com/blog/cockatoo-screaming-feather-plucking-explained/,31.00
corn snake brumation,,0,1,0.00,31.00,1,https://beastlyfacts.com/blog/snake-brumation-guide/,31.00
do ball pythons brumate,,0,2,0.00,31.50,1,https://beastlyfacts.com/blog/snake-brumation-guide/,31.50
crested gecko vs leopard gecko comparison,,0,1,0.00,32.00,1,https://beastlyfacts.com/blog/leopard-gecko-vs-crested-gecko-guide/,32.00
symptoms of scurvy in guinea pigs,,0,1,0.00,32.00,1,https://beastlyfacts.com/blog/guinea-pig-scurvy-vitamin-c-guide/,32.00
what calico critter are you,,0,1,0.00,32.00,1,https://beastlyfacts.com/quiz/personality/,32.00
crested or leopard gecko,,0,1,0.00,33.00,1,https://beastlyfacts.com/blog/leopard-gecko-vs-crested-gecko-guide/,33.00
signs of gdv,,0,1,0.00,33.00,1,https://beastlyfacts.com/blog/dog-bloat-gdv-guide/,33.00
leopard gecko vs crested gecko,,0,1,0.00,34.00,1,https://beastlyfacts.com/blog/leopard-gecko-vs-crested-gecko-guide/,34.00
leopard crested gecko,,0,1,0.00,35.00,1,https://beastlyfacts.com/blog/leopard-gecko-vs-crested-gecko-guide/,35.00
ball python brumation,,0,3,0.00,36.00,1,https://beastlyfacts.com/blog/snake-brumation-guide/,36.00
can betta fish go in tap water,,0,2,0.00,37.00,1,https://beastlyfacts.com/blog/betta-fish-water-parameters-guide/,37.00
cockatoo screaming,,0,1,0.00,37.00,1,https://beastlyfacts.com/blog/cockatoo-screaming-feather-plucking-explained/,37.00
crested gecko or leopard gecko,,0,1,0.00,37.00,1,https://beastlyfacts.com/blog/leopard-gecko-vs-crested-gecko-guide/,37.00
leopard gecko vs bearded dragon,,0,1,0.00,37.00,1,https://beastlyfacts.com/blog/bearded-dragon-vs-leopard-gecko-guide/,37.00
mourning gecko tank size,,0,1,0.00,37.00,1,https://beastlyfacts.com/guides/mourning-gecko/,37.00
how to make a cockatoo stop screaming,,0,1,0.00,38.00,1,https://beastlyfacts.com/blog/cockatoo-screaming-feather-plucking-explained/,38.00
leopard or crested gecko,,0,2,0.00,38.50,1,https://beastlyfacts.com/blog/leopard-gecko-vs-crested-gecko-guide/,38.50
can betta fish be in tap water,,0,1,0.00,39.00,1,https://beastlyfacts.com/blog/betta-fish-water-parameters-guide/,39.00
bearded dragon and gecko,,0,1,0.00,40.00,1,https://beastlyfacts.com/blog/bearded-dragon-vs-leopard-gecko-guide/,40.00
leopard gecko or crested gecko,,0,1,0.00,40.00,1,https://beastlyfacts.com/blog/leopard-gecko-vs-crested-gecko-guide/,40.00
betta fish and tap water,,0,2,0.00,40.50,1,https://beastlyfacts.com/blog/betta-fish-water-parameters-guide/,40.50
crested gecko vs leopard gecko,,0,6,0.00,40.83,1,https://beastlyfacts.com/blog/leopard-gecko-vs-crested-gecko-guide/,40.83
ferret hair loss treatment,,0,1,0.00,42.00,1,https://beastlyfacts.com/blog/ferret-adrenal-disease-guide/,42.00
why do cockatoos scream,,0,1,0.00,42.00,1,https://beastlyfacts.com/blog/cockatoo-screaming-feather-plucking-explained/,42.00
leopard gecko and bearded dragon,,0,2,0.00,42.50,1,https://beastlyfacts.com/blog/bearded-dragon-vs-leopard-gecko-guide/,42.50
leopard gecko crested gecko,,0,2,0.00,43.00,1,https://beastlyfacts.com/blog/leopard-gecko-vs-crested-gecko-guide/,43.00
ferrets losing hair,,0,1,0.00,43.00,1,https://beastlyfacts.com/blog/ferret-adrenal-disease-guide/,43.00
scurvy in guinea pigs,,0,2,0.00,44.00,1,https://beastlyfacts.com/blog/guinea-pig-scurvy-vitamin-c-guide/,44.00
corn python,,0,1,0.00,45.00,1,https://beastlyfacts.com/blog/ball-python-vs-corn-snake-guide/,45.00
gecko bearded dragon,,0,1,0.00,45.00,1,https://beastlyfacts.com/blog/bearded-dragon-vs-leopard-gecko-guide/,45.00
hair loss in ferrets,,0,1,0.00,45.00,1,https://beastlyfacts.com/blog/ferret-adrenal-disease-guide/,45.00
water ph for betta fish,,0,1,0.00,45.00,1,https://beastlyfacts.com/blog/betta-fish-water-parameters-guide/,45.00
what temperature water do betta fish need,,0,1,0.00,45.00,1,https://beastlyfacts.com/blog/betta-fish-water-parameters-guide/,45.00
chameleon water,,0,1,0.00,46.00,1,https://beastlyfacts.com/blog/chameleon-hydration-drippers-misters-fogging/,46.00
do corn snakes brumate,,0,1,0.00,46.00,1,https://beastlyfacts.com/blog/snake-brumation-guide/,46.00
geckos with big tails,,0,1,0.00,47.00,1,https://beastlyfacts.com/guides/african-fat-tail/,47.00
bearded dragon and leopard gecko,,0,1,0.00,48.00,1,https://beastlyfacts.com/blog/bearded-dragon-vs-leopard-gecko-guide/,48.00
ferret hair loss,,0,1,0.00,48.00,1,https://beastlyfacts.com/blog/ferret-adrenal-disease-guide/,48.00
how often to change betta fish water,,0,1,0.00,48.00,1,https://beastlyfacts.com/blog/betta-fish-water-parameters-guide/,48.00
cockatiel vs budgie,,0,3,0.00,50.00,1,https://beastlyfacts.com/blog/budgie-vs-cockatiel-guide/,50.00
best water to use for betta fish,,0,1,0.00,50.00,1,https://beastlyfacts.com/blog/betta-fish-water-parameters-guide/,50.00
10 facts about cockatoos,,0,2,0.00,52.00,1,https://beastlyfacts.com/blog/10-surprising-cockatoo-facts/,52.00
betta fish water quality,,0,1,0.00,52.00,1,https://beastlyfacts.com/blog/betta-fish-water-parameters-guide/,52.00
gecko vs bearded dragon,,0,1,0.00,52.00,1,https://beastlyfacts.com/blog/bearded-dragon-vs-leopard-gecko-guide/,52.00
millipedes care,,0,1,0.00,53.00,1,https://beastlyfacts.com/guides/millipede/,53.00
mourning gecko lifespan,,0,1,0.00,53.00,1,https://beastlyfacts.com/guides/mourning-gecko/,53.00
hamster vs guinea pig,,0,2,0.00,53.50,1,https://beastlyfacts.com/blog/hamster-vs-guinea-pig-guide/,53.50
african grey parrot care,,0,1,0.00,54.00,1,https://beastlyfacts.com/guides/african-grey/,54.00
corn snake information,,0,2,0.00,55.00,1,https://beastlyfacts.com/encyclopedia/animal/corn-snake/,55.00
mantis facts,,0,1,0.00,55.00,1,https://beastlyfacts.com/blog/10-surprising-praying-mantis-facts/,55.00
platypus mammal,,0,1,0.00,56.00,1,https://beastlyfacts.com/blog/?post=the-platypus-natures-most-wonderfully-bizarre-mammal,56.00
water quality for betta fish,,0,1,0.00,56.00,1,https://beastlyfacts.com/blog/betta-fish-water-parameters-guide/,56.00
can you use tap water for betta fish,,0,1,0.00,57.00,1,https://beastlyfacts.com/blog/betta-fish-water-parameters-guide/,57.00
cockatoo fun facts,,0,1,0.00,57.00,1,https://beastlyfacts.com/blog/10-surprising-cockatoo-facts/,57.00
facts of a platypus,,0,1,0.00,57.00,1,https://beastlyfacts.com/blog/?post=the-platypus-natures-most-wonderfully-bizarre-mammal,57.00
gecko fat tail,,0,1,0.00,57.00,1,https://beastlyfacts.com/guides/african-fat-tail/,57.00
cockatoo facts,,0,4,0.00,58.00,1,https://beastlyfacts.com/blog/10-surprising-cockatoo-facts/,58.00
interesting facts about tarantulas,,0,1,0.00,58.00,1,https://beastlyfacts.com/blog/10-surprising-tarantula-facts/,58.00
where are betta fish from,,0,1,0.00,59.00,1,https://beastlyfacts.com/encyclopedia/animal/betta-fish/,59.00
why do reptiles need uv light,,0,1,0.00,59.00,1,https://beastlyfacts.com/blog/uvb-lighting-complete-guide/,59.00
how often should you change betta fish water,,0,1,0.00,61.00,1,https://beastlyfacts.com/blog/betta-fish-water-parameters-guide/,61.00
snake brumation,,0,1,0.00,61.00,1,https://beastlyfacts.com/blog/snake-brumation-guide/,61.00
facts about cockatoos,,0,2,0.00,62.00,1,https://beastlyfacts.com/blog/10-surprising-cockatoo-facts/,62.00
adrenal disease ferret symptoms,,0,1,0.00,62.00,1,https://beastlyfacts.com/blog/ferret-adrenal-disease-guide/,62.00
facts about the tarantula,,0,1,0.00,62.00,1,https://beastlyfacts.com/blog/10-surprising-tarantula-facts/,62.00
millipede care,,0,1,0.00,62.00,1,https://beastlyfacts.com/guides/millipede/,62.00
cat hairball vs vomit,,0,2,0.00,63.00,1,https://beastlyfacts.com/blog/cat-hairball-vs-vomiting-guide/,63.00
hairball vs vomit,,0,1,0.00,63.00,1,https://beastlyfacts.com/blog/cat-hairball-vs-vomiting-guide/,63.00
how to care for millipedes,,0,1,0.00,63.00,1,https://beastlyfacts.com/guides/millipede/,63.00
nyctotherus,,0,1,0.00,63.00,1,https://beastlyfacts.com/glossary/,63.00
guinea pig vs hamster,,0,2,0.00,64.00,1,https://beastlyfacts.com/blog/hamster-vs-guinea-pig-guide/,64.00
fun facts about tarantulas,,0,1,0.00,64.00,1,https://beastlyfacts.com/blog/10-surprising-tarantula-facts/,64.00
tarantula facts,,0,2,0.00,65.00,1,https://beastlyfacts.com/blog/10-surprising-tarantula-facts/,65.00
giant african millipede care,,0,1,0.00,65.00,1,https://beastlyfacts.com/guides/millipede/,65.00
interesting facts about cockatoos,,0,1,0.00,65.00,1,https://beastlyfacts.com/blog/10-surprising-cockatoo-facts/,65.00
millipede care guide,,0,1,0.00,65.00,1,https://beastlyfacts.com/guides/millipede/,65.00
fat tail gecko care,,0,2,0.00,66.00,1,https://beastlyfacts.com/guides/african-fat-tail/,66.00
giant millipede care,,0,2,0.00,66.00,1,https://beastlyfacts.com/guides/millipede/,66.00
cockatoo bird facts,,0,1,0.00,66.00,1,https://beastlyfacts.com/blog/10-surprising-cockatoo-facts/,66.00
fact about tarantulas,,0,1,0.00,66.00,1,https://beastlyfacts.com/blog/10-surprising-tarantula-facts/,66.00
guinea pig or hamster,,0,1,0.00,66.00,1,https://beastlyfacts.com/blog/hamster-vs-guinea-pig-guide/,66.00
how to take care of a millipede,,0,1,0.00,66.00,1,https://beastlyfacts.com/guides/millipede/,66.00
tranchula facts,,0,1,0.00,66.00,1,https://beastlyfacts.com/blog/10-surprising-tarantula-facts/,66.00
ball python facts,,0,11,0.00,66.45,1,https://beastlyfacts.com/blog/10-surprising-ball-python-facts/,66.45
hamster or guinea pig,,0,3,0.00,66.67,1,https://beastlyfacts.com/blog/hamster-vs-guinea-pig-guide/,66.67
facts about tranchulas,,0,1,0.00,67.00,1,https://beastlyfacts.com/blog/10-surprising-tarantula-facts/,67.00
why do dogs need exercise,,0,1,0.00,67.00,1,https://beastlyfacts.com/blog/why-your-dog-needs-daily-exercise/,67.00
fat tailed gecko,,0,7,0.00,68.71,1,https://beastlyfacts.com/guides/african-fat-tail/,68.71
adrenal disease symptoms in ferrets,,0,1,0.00,70.00,1,https://beastlyfacts.com/blog/ferret-adrenal-disease-guide/,70.00
african fat-tailed gecko care,,0,1,0.00,70.00,1,https://beastlyfacts.com/guides/african-fat-tail/,70.00
cool praying mantis facts,,0,1,0.00,70.00,1,https://beastlyfacts.com/blog/10-surprising-praying-mantis-facts/,70.00
how to take care of millipedes,,0,1,0.00,70.00,1,https://beastlyfacts.com/guides/millipede/,70.00
playapus,,0,1,0.00,70.00,1,https://beastlyfacts.com/blog/?post=the-platypus-natures-most-wonderfully-bizarre-mammal,70.00
what is the best water for betta fish,,0,1,0.00,70.00,1,https://beastlyfacts.com/blog/betta-fish-water-parameters-guide/,70.00
cat hairball and vomit,,0,1,0.00,71.00,1,https://beastlyfacts.com/blog/cat-hairball-vs-vomiting-guide/,71.00
facts about a tarantula,,0,1,0.00,71.00,1,https://beastlyfacts.com/blog/10-surprising-tarantula-facts/,71.00
ball python info,,0,2,0.00,71.50,1,https://beastlyfacts.com/blog/10-surprising-ball-python-facts/,71.50
facts about praying mantis,,0,3,0.00,72.00,1,https://beastlyfacts.com/blog/10-surprising-praying-mantis-facts/,72.00
guinea pigs vs hamster,,0,1,0.00,72.00,1,https://beastlyfacts.com/blog/hamster-vs-guinea-pig-guide/,72.00
corn snake characteristics,,0,2,0.00,72.50,1,https://beastlyfacts.com/encyclopedia/animal/corn-snake/,72.50
millipede habitat,,0,2,0.00,73.00,1,https://beastlyfacts.com/guides/millipede/,73.00
fat tail gecko,,0,5,0.00,73.20,1,https://beastlyfacts.com/guides/african-fat-tail/,73.20
10 facts about praying mantis,,0,1,0.00,74.00,1,https://beastlyfacts.com/blog/10-surprising-praying-mantis-facts/,74.00
ball python information,,0,1,0.00,74.00,1,https://beastlyfacts.com/blog/10-surprising-ball-python-facts/,74.00
bearded dragon info,,0,1,0.00,74.00,1,https://beastlyfacts.com/encyclopedia/animal/bearded-dragon/,74.00
information on corn snakes,,0,1,0.00,75.00,1,https://beastlyfacts.com/encyclopedia/animal/corn-snake/,75.00
ball python facts for beginners,,0,3,0.00,75.33,1,https://beastlyfacts.com/blog/10-surprising-ball-python-facts/,75.33
corn snake range,,0,1,0.00,76.00,1,https://beastlyfacts.com/encyclopedia/animal/corn-snake/,76.00
facts about ball python,,0,1,0.00,76.00,1,https://beastlyfacts.com/blog/10-surprising-ball-python-facts/,76.00
what are corn snakes,,0,1,0.00,76.00,1,https://beastlyfacts.com/encyclopedia/animal/corn-snake/,76.00
what is the best water for a betta fish,,0,1,0.00,76.00,1,https://beastlyfacts.com/blog/betta-fish-water-parameters-guide/,76.00
african fat tailed gecko,,0,2,0.00,78.00,1,https://beastlyfacts.com/guides/african-fat-tail/,78.00
aft gecko,,0,2,0.00,78.00,1,https://beastlyfacts.com/guides/african-fat-tail/,78.00
african fat tailed gecko lifespan,,0,1,0.00,78.00,1,https://beastlyfacts.com/guides/african-fat-tail/,78.00
millipede giant,,0,1,0.00,78.00,1,https://beastlyfacts.com/guides/millipede/,78.00
praying mantis fun facts,,0,5,0.00,79.00,1,https://beastlyfacts.com/blog/10-surprising-praying-mantis-facts/,79.00
how to care for veiled chameleons,,0,2,0.00,79.00,1,https://beastlyfacts.com/guides/veiled-chameleon/,79.00
guinea pig vitamin c,,0,1,0.00,79.00,1,https://beastlyfacts.com/blog/guinea-pig-scurvy-vitamin-c-guide/,79.00
african fat-tailed gecko,,0,2,0.00,80.00,1,https://beastlyfacts.com/guides/african-fat-tail/,80.00
symptoms of adrenal disease in ferrets,,0,1,0.00,80.00,1,https://beastlyfacts.com/blog/ferret-adrenal-disease-guide/,80.00
where do corn snakes live in the wild,,0,1,0.00,80.00,1,https://beastlyfacts.com/encyclopedia/animal/corn-snake/,80.00
african fat tailed gecko pet,,0,1,0.00,81.00,1,https://beastlyfacts.com/guides/african-fat-tail/,81.00
corn snake info,,0,1,0.00,81.00,1,https://beastlyfacts.com/encyclopedia/animal/corn-snake/,81.00
fat tail gecko lifespan,,0,1,0.00,81.00,1,https://beastlyfacts.com/guides/african-fat-tail/,81.00
interesting facts about ball pythons,,0,2,0.00,81.50,1,https://beastlyfacts.com/blog/10-surprising-ball-python-facts/,81.50
cat throwing up hairballs daily,,0,1,0.00,82.00,1,https://beastlyfacts.com/blog/cat-hairball-vs-vomiting-guide/,82.00
fat tailed gecko lifespan,,0,1,0.00,82.00,1,https://beastlyfacts.com/guides/african-fat-tail/,82.00
mourning geckos,,0,1,0.00,82.00,1,https://beastlyfacts.com/guides/mourning-gecko/,82.00
how to care for a veiled chameleon,,0,1,0.00,83.00,1,https://beastlyfacts.com/guides/veiled-chameleon/,83.00
guinea pigs vitamin c,,0,1,0.00,85.00,1,https://beastlyfacts.com/blog/guinea-pig-scurvy-vitamin-c-guide/,85.00
praying mantis cool facts,,0,1,0.00,85.00,1,https://beastlyfacts.com/blog/10-surprising-praying-mantis-facts/,85.00
bearded dragon scientific name,,0,1,0.00,86.00,1,https://beastlyfacts.com/encyclopedia/animal/bearded-dragon/,86.00
characteristics of a cockatoo,,0,1,0.00,86.00,1,https://beastlyfacts.com/blog/10-surprising-cockatoo-facts/,86.00
where do betta fish come from,,0,1,0.00,86.00,1,https://beastlyfacts.com/encyclopedia/animal/betta-fish/,86.00
classification of bearded dragon,,0,1,0.00,87.00,1,https://beastlyfacts.com/encyclopedia/animal/bearded-dragon/,87.00
facts on praying mantis,,0,1,0.00,87.00,1,https://beastlyfacts.com/blog/10-surprising-praying-mantis-facts/,87.00
where does betta fish come from,,0,1,0.00,88.00,1,https://beastlyfacts.com/encyclopedia/animal/betta-fish/,88.00
praying mantis facts,,0,6,0.00,88.17,1,https://beastlyfacts.com/blog/10-surprising-praying-mantis-facts/,88.17
cockatoo characteristics,,0,1,0.00,89.00,1,https://beastlyfacts.com/blog/10-surprising-cockatoo-facts/,89.00
why are they called corn snakes,,0,1,0.00,89.00,1,https://beastlyfacts.com/encyclopedia/animal/corn-snake/,89.00
betta fish in english,,0,1,0.00,90.00,1,https://beastlyfacts.com/encyclopedia/animal/betta-fish/,90.00
domestic shorthair size,,0,1,0.00,96.00,1,https://beastlyfacts.com/encyclopedia/animal/domestic-shorthair/,96.00
vitamin c deficiency in guinea pigs,,0,1,0.00,97.00,1,https://beastlyfacts.com/blog/guinea-pig-scurvy-vitamin-c-guide/,97.00
cat hairballs and vomiting,,0,1,0.00,99.00,1,https://beastlyfacts.com/blog/cat-hairball-vs-vomiting-guide/,99.00
dog bloat timeline,,0,1,0.00,99.00,1,https://beastlyfacts.com/blog/dog-bloat-gdv-guide/,99.00
